timestep,wound_area_pct,margin_cells,wound_edges,cum_T1,cum_seals,cum_divisions
1,99.7668893691813,15,23,1,0,1
2,99.2911074840646,15,23,2,0,2
3,99.072916807132,15,22,2,0,3
4,95.8035952844059,15,22,3,0,3
5,92.9025334159656,15,22,3,0,3
6,90.8440400019037,15,22,3,0,3
7,89.3581914533319,15,22,3,0,3
8,88.138867895085,15,22,3,0,3
9,87.0612502734605,15,22,3,0,3
10,86.2215198126916,15,22,3,0,3
11,85.5393337925932,15,22,3,0,3
12,84.8552164175305,15,22,3,0,3
13,84.2587528379898,15,22,3,0,3
14,83.69071453171,15,22,3,0,3
15,83.164382590404,15,22,3,0,3
16,82.7381658540206,15,22,3,0,3
17,82.3822341922158,15,22,3,0,3
18,82.0800191679509,15,22,3,0,3
19,81.8248329583821,15,22,3,0,3
20,81.6022511586765,15,22,3,0,3
21,81.35009825524,15,22,3,0,4
22,81.0534830052407,15,22,3,0,4
23,79.9653354529261,15,22,3,0,4
24,79.1130565359292,15,22,3,0,4
25,78.7406428173574,15,22,3,0,4
26,78.4908795082745,15,22,3,0,4
27,78.2292317357417,15,22,3,0,4
28,77.9833122972514,15,22,3,0,4
29,77.7724810074994,15,22,3,0,4
30,77.5739116519715,15,22,3,0,4
31,77.3970409445721,15,22,3,0,4
32,77.2332012129202,15,22,3,0,4
33,77.0915252878582,15,22,3,0,4
34,76.9631767737606,15,22,4,0,4
35,76.8461402600827,15,22,4,0,4
36,76.7336659647867,15,22,4,0,4
37,76.6339483130378,15,22,4,0,4
38,76.7484133065878,15,21,5,0,4
39,76.3227480294065,15,21,5,0,5
40,76.5080233417797,15,21,5,0,5
41,76.3945125753016,15,21,6,0,5
42,76.5499980433515,15,21,6,0,5
43,76.4950744402714,15,21,6,0,5
44,76.3586058977407,15,21,6,0,6
45,76.2465560313682,15,21,6,0,6
46,75.8251943662303,15,21,6,0,7
47,75.3514752146206,15,21,6,0,7
48,74.9642988204299,15,21,6,0,7
49,74.4997319101731,15,21,6,0,7
50,74.1658857661547,15,21,6,0,7
51,73.9401944066244,15,21,6,0,7
52,73.77491031091,15,21,7,0,7
53,73.5241076532531,15,21,7,0,7
54,73.5187223963616,15,21,7,0,7
55,71.8799777207881,14,20,7,0,7
56,72.6405641679904,14,20,7,0,7
57,72.8612146561366,14,20,7,0,7
58,72.901560358318,14,20,7,0,7
59,72.8732302036881,14,20,7,0,7
60,72.8277801635194,14,20,7,0,7
61,72.7729647674618,14,20,7,0,7
62,72.7158172074743,14,20,7,0,7
63,72.664252293217,14,20,7,0,7
64,72.6115897677875,14,20,7,0,7
65,72.5676165778606,14,20,7,0,7
66,72.5191272215363,14,20,7,0,7
67,72.451682663835,14,20,7,0,7
68,72.3858916553747,14,20,7,0,7
69,72.3220147594354,14,20,7,0,7
70,72.2655376249641,14,20,7,0,7
71,72.2090572192827,14,20,7,0,7
72,72.1469453582312,14,20,7,0,7
73,72.0726174206639,14,20,7,0,7
74,72.0075217038925,14,20,7,0,7
75,71.9410112373126,14,20,7,0,7
76,71.8843004972412,14,20,7,0,7
77,71.8260427474549,14,20,7,0,7
78,71.7775138115212,14,20,7,0,7
79,72.32742247453,14,19,7,0,7
80,72.1100313253424,14,19,7,0,7
81,72.0491854994927,14,19,7,0,7
82,72.0105596603426,14,19,7,0,7
83,71.9729822732808,14,19,7,0,7
84,71.9437430860878,14,19,7,0,7
85,71.9118490857008,14,19,7,0,7
86,71.8903923969066,14,19,7,0,7
87,71.8689045033253,14,19,7,0,7
88,71.8491133422412,14,19,7,0,7
89,71.767953614779,14,19,7,0,7
90,71.7158027132722,14,19,7,0,7
91,71.6773867416808,14,19,7,0,7
92,71.6587608967372,14,19,7,0,7
93,71.617643518367,14,19,7,0,7
94,71.5918919531448,14,19,7,0,7
95,71.5697807324293,14,19,7,0,7
96,71.553173222234,14,19,7,0,7
97,71.5368343419642,14,19,7,0,7
98,71.5276301257346,14,19,7,0,7
99,71.5006567158772,14,19,7,0,7
100,71.47450899968,14,19,7,0,7
101,71.44664170909,14,19,7,0,7
102,71.4200722214775,14,19,8,0,7
103,71.2468056795307,14,19,8,0,7
104,71.2663681110445,14,19,8,0,7
105,71.2106041617852,14,19,8,0,7
106,71.1488819018039,14,19,8,0,7
107,71.0795511785686,14,19,8,0,7
108,71.0314987019761,14,19,8,0,7
109,70.9812327669537,14,19,8,0,7
110,70.9402194259397,14,19,8,0,7
111,70.8938915918355,14,19,8,0,7
112,70.8642072889526,14,19,9,0,7
113,70.9296731607011,14,19,9,0,7
114,70.8671087131371,14,19,9,0,7
115,70.8223449854757,14,19,9,0,7
116,70.7775555925177,14,19,9,0,7
117,70.7243754249847,14,19,9,0,7
118,70.6793354131069,14,19,9,0,7
119,70.6192052414262,14,19,9,0,7
120,70.5809589390745,14,19,9,0,7
121,70.5205057850487,14,19,9,0,7
122,70.460626348972,14,18,9,0,7
123,70.412528771968,14,18,10,0,7
124,70.2503430392414,14,18,10,0,7
125,70.2911483159659,14,18,10,0,7
126,70.2946268356007,14,18,10,0,7
127,70.2584051686134,14,18,10,0,7
128,70.2475254370783,14,18,10,0,7
129,70.1840295811935,14,18,10,0,7
130,70.165104096719,14,18,10,0,7
131,70.1075919775086,14,18,10,0,7
132,70.0805716437262,14,18,10,0,7
133,70.0254983971999,14,18,10,0,7
134,69.9928712568216,14,18,10,0,7
135,69.9310234624041,14,18,10,0,7
136,69.8912133192575,14,18,10,0,7
137,69.834000868268,14,18,10,0,7
138,69.799241441127,14,18,10,0,7
139,69.7429199447859,14,18,10,0,8
140,69.7132904189271,14,18,10,0,8
141,69.6519404996383,14,18,10,0,8
142,69.6207445558585,14,18,10,0,8
143,69.5254335614418,14,18,10,0,8
144,69.4097660883806,14,18,10,0,8
145,69.2697448579126,14,18,10,0,8
146,69.1674733667861,14,18,10,0,8
147,69.0577231215777,14,18,10,0,8
148,68.9853810678222,14,18,10,0,8
149,68.89660135431,14,18,10,0,8
150,68.8347299410248,14,18,10,0,8
151,68.7552158462054,14,18,10,0,8
152,68.7000973890215,14,18,10,0,8
153,68.6065171794304,14,18,10,0,8
154,68.5487026596304,14,18,10,0,8
155,68.4646622668071,14,18,10,0,8
156,68.4130606181807,14,18,10,0,8
157,68.3366835271092,14,18,10,0,8
158,68.2883235219814,14,18,10,0,8
159,68.2188792215268,14,18,10,0,8
160,68.1738986669884,14,18,10,0,8
161,68.1084671994329,14,18,10,0,8
162,68.0664951434144,14,18,10,0,8
163,68.0046403042573,14,18,10,0,8
164,67.9662946856254,14,18,10,0,8
165,67.9066231608567,14,18,10,0,8
166,67.8726298577996,14,18,10,0,8
167,67.8128216226583,14,18,10,0,8
168,67.7779396541983,14,18,10,0,8
169,67.7180225697669,14,18,10,0,8
170,67.6896108569333,14,18,10,0,8
171,67.6231212047354,14,18,10,0,8
172,67.5019631770477,14,18,10,0,8
173,67.4449874195957,14,18,10,0,8
174,67.4173369169445,14,18,10,0,8
175,67.3497339878203,14,18,10,0,8
176,67.316800631285,14,18,10,0,8
177,67.2568622616594,14,18,10,0,8
178,67.2236106334191,14,18,10,0,8
179,67.167577163174,14,18,10,0,8
180,67.1352184205525,14,18,10,0,8
181,67.0815080536646,14,18,10,0,8
182,67.0611805167195,14,18,10,0,8
183,67.0027204168459,14,18,11,0,8
184,66.6259336584692,14,18,11,0,8
185,67.0773374069698,14,18,11,0,8
186,66.7748838557423,14,18,12,0,8
187,66.5534355922822,14,18,12,0,8
188,66.6269593611504,14,17,12,0,8
189,66.5764168836604,14,17,12,0,8
190,66.5433822149997,14,17,12,0,8
191,66.5048355076285,14,17,13,0,8
192,66.5907144719475,14,17,13,0,8
193,66.5769824329419,14,17,13,0,8
194,66.5581942538983,14,17,13,0,8
195,66.5175434908613,14,17,14,0,8
196,66.5716317780237,14,17,14,0,8
197,66.5452755675583,14,17,14,0,8
198,66.5179967521796,14,17,15,0,8
199,66.6957764119167,14,17,15,0,8
200,66.6474775742877,14,17,15,0,8
201,66.5759240997371,14,17,15,0,8
202,66.5265775724569,14,17,15,0,8
203,66.4569088524912,14,17,15,0,8
204,66.4084884654102,14,17,15,0,8
205,66.3406215592178,14,17,15,0,8
206,66.2952831881232,14,17,15,0,8
207,66.2302006429902,14,17,15,0,8
208,66.1858439400081,14,17,15,0,8
209,66.0999649414517,14,17,16,0,8
210,66.1411558106441,14,17,16,0,8
211,66.0140936412161,14,16,16,0,8
212,65.9594445658224,14,16,16,0,8
213,65.8848575369796,14,16,16,0,8
214,65.8342349153808,14,16,16,0,8
215,65.7418709386439,14,16,16,0,8
216,65.6789794210426,14,16,16,0,8
217,65.5953954181337,14,16,16,0,8
218,65.5361606298497,14,16,16,0,8
219,65.4564674403431,14,16,16,0,8
220,65.3997302829076,14,16,16,0,8
221,65.3228128048087,14,16,16,0,9
222,65.0693399662218,14,16,16,0,9
223,64.1012239965044,14,16,16,0,9
224,63.7660348811629,14,16,16,0,9
225,63.6352917207317,14,16,16,0,9
226,63.57648065766,14,16,16,0,9
227,63.5068482417996,14,16,16,0,9
228,63.4607377932065,14,16,16,0,9
229,63.3945902904163,14,16,16,0,9
230,63.3486988106224,14,16,16,0,9
231,63.2822968072861,14,16,16,0,9
232,63.2395249220877,14,16,16,0,9
233,63.176767886029,14,16,16,0,9
234,63.1307926054604,14,16,16,0,9
235,63.073106857447,14,16,16,0,9
236,63.0314890696175,14,16,16,0,9
237,62.9743528778944,14,16,16,0,9
238,62.9344888544626,14,16,16,0,9
239,62.8753555835803,14,16,17,0,9
240,62.3005300893137,14,16,17,0,9
241,62.4923613621078,14,16,18,0,9
242,62.4609543438746,14,16,19,0,9
243,62.4496391017348,14,16,19,0,9
244,62.4531144590567,14,16,19,0,9
245,62.4062042294119,14,16,19,0,9
246,62.3578531473893,14,16,19,0,9
247,62.2971597125188,14,16,19,0,9
248,62.2453378752039,14,16,19,0,9
249,62.1911068310184,14,16,19,0,9
250,62.1464262056403,14,16,19,0,9
251,62.0922683709989,14,16,19,0,9
252,62.0524157149266,14,16,19,0,9
253,62.0031015697887,14,16,19,0,9
254,61.9628675821557,14,16,19,0,9
255,61.9169047592712,14,16,19,0,9
256,61.8774175197542,14,16,19,0,9
257,61.8307317898266,14,16,19,0,9
258,61.7898719779583,14,16,19,0,9
259,61.7410873064865,14,16,19,0,9
260,61.6251486145498,14,16,19,0,9
261,61.5468923753579,14,16,19,0,9
262,61.4690812003591,14,16,19,0,9
263,61.3911548408812,14,16,19,0,9
264,61.3164438047563,14,16,19,0,9
265,61.2427374358821,14,16,19,0,9
266,61.1706049135721,14,16,20,0,9
267,61.0725285535731,14,16,20,0,9
268,61.032367646768,14,16,20,0,9
269,60.9697020823392,14,16,20,0,9
270,60.9086133818135,14,16,20,0,9
271,60.8473682392692,14,16,20,0,9
272,60.7855625873015,14,16,20,0,9
273,60.7199298588191,14,16,20,0,9
274,60.6543357032224,14,16,20,0,9
275,60.588272852716,14,16,21,0,9
276,60.5467166756603,14,16,21,0,9
277,60.4488626619485,14,16,21,0,9
278,60.3573329859027,14,16,21,0,9
279,60.2770373514789,14,16,21,0,9
280,60.2005802226047,14,16,21,0,9
281,60.1273725222586,14,16,21,0,9
282,60.0536008215305,14,16,21,0,9
283,59.9817631155788,14,16,21,0,9
284,59.9079449162296,14,16,21,0,9
285,59.8364560934829,14,16,21,0,9
286,59.762677591657,14,16,21,0,9
287,59.6912393470022,14,16,21,0,9
288,59.6181027280006,14,16,21,0,9
289,59.5475865579185,14,16,21,0,9
290,59.4745104167236,14,16,21,0,9
291,59.4046142855768,14,16,22,0,9
292,58.9797439268442,14,16,22,0,9
293,59.1430450882632,14,16,22,0,9
294,59.1495914538993,14,16,22,0,10
295,59.1111570143017,14,16,22,0,10
296,58.8294611190846,14,16,22,0,10
297,58.5288935233205,14,16,22,0,10
298,58.3235500460194,14,16,22,0,10
299,58.1860837218942,14,16,22,0,10
300,58.0751999194118,14,16,22,0,10
301,57.982321210117,14,16,22,0,10
302,57.8910623226445,14,16,22,0,10
303,57.8096649867312,14,16,23,0,10
304,57.8454909792457,14,16,23,0,10
305,57.8282679841984,14,16,23,0,10
306,57.6840684006682,14,16,23,0,10
307,57.5510428324215,14,16,23,0,10
308,57.41443759863,14,16,23,0,10
309,57.2848061064675,14,16,24,0,10
310,57.0342414454058,14,16,24,0,10
311,57.0399894255793,14,16,24,0,10
312,56.9362509178523,14,16,24,0,10
313,56.8403085695277,14,16,24,0,10
314,56.711730648118,14,16,24,0,10
315,56.5767396777065,14,16,24,0,10
316,56.436129208525,14,16,24,0,10
317,56.2996719853751,14,16,25,0,10
318,56.039193679716,14,16,26,0,10
319,56.4058960170997,14,16,26,0,10
320,56.1208837322069,14,16,26,0,10
321,55.9761815066506,14,16,26,0,10
322,55.8301487803764,14,16,26,0,10
323,55.6943910472569,14,16,26,0,10
324,55.553522936041,14,16,26,0,10
325,55.4237738680019,14,16,26,0,10
326,55.2888096392873,14,16,26,0,10
327,55.1635499521392,14,16,26,0,10
328,55.0328159024672,14,16,26,0,10
329,54.9106383497088,14,16,26,0,10
330,54.7835675177098,14,16,26,0,10
331,54.6638960022133,14,16,26,0,10
332,54.5399693929967,14,16,26,0,10
333,54.4220026647118,14,16,26,0,10
334,54.3013233817179,14,16,26,0,10
335,54.185764703892,14,16,27,0,10
336,54.449180526256,14,16,27,0,10
337,54.3136048604976,14,16,27,0,10
338,54.1764046566385,14,16,27,0,10
339,54.0506428187227,14,16,27,0,10
340,53.9268783264462,14,16,27,0,10
341,53.8088645205546,14,16,27,0,10
342,53.6898725869836,14,16,27,0,10
343,53.574053296021,14,16,27,0,10
344,53.4572149995282,14,16,27,0,10
345,53.3427333552976,14,16,27,0,10
346,53.2274777186602,14,16,27,0,10
347,53.1140592814494,14,16,27,0,10
348,52.9996277513911,14,16,27,0,10
349,52.8877211870011,14,16,27,0,10
350,52.7750676529135,14,16,27,0,10
351,52.6635135058106,14,16,28,0,10
352,52.5519566736791,14,16,28,0,10
353,52.4411411148422,14,16,28,0,10
354,52.3318257813237,14,16,28,0,10
355,52.2232219414278,14,16,28,0,10
356,52.1145042191806,14,16,28,0,10
357,52.0062571613076,14,16,28,0,10
358,51.8977663348065,14,16,28,0,10
359,51.7893616534487,14,16,28,0,10
360,51.6798965360324,14,16,28,0,10
361,51.5638881593725,14,16,28,0,11
362,51.4481062296003,14,16,28,0,11
363,51.3325839093687,14,16,28,0,11
364,51.2108673304204,14,16,28,0,11
365,51.0852489717111,14,16,28,0,11
366,50.9578269284643,14,16,28,0,11
367,50.8307701302518,14,16,28,0,11
368,50.7025109368684,14,16,28,0,11
369,50.5732081072329,14,16,29,0,11
370,50.44218326096,14,16,29,0,11
371,50.3477685490161,14,16,29,0,11
372,50.1997411137802,14,16,29,0,11
373,50.0507253904588,14,16,29,0,11
374,49.9020960870847,14,16,29,0,11
375,49.7547085182066,14,16,29,0,11
376,49.6084560882558,14,16,29,0,11
377,49.4630653185747,14,16,29,0,11
378,49.3196535070068,14,16,29,0,11
379,49.1770293116638,14,16,30,0,11
380,49.3493888556687,14,16,30,0,11
381,49.2247163664272,14,16,30,0,11
382,49.027405625215,14,16,30,0,11
383,48.8536930874026,14,16,30,0,11
384,48.6815805690192,14,16,30,0,11
385,48.5094900825278,14,16,30,0,11
386,48.3429342941838,14,16,30,0,11
387,48.1747183823444,14,16,30,0,11
388,47.9884731210027,14,16,30,0,11
389,47.7231950591294,14,16,30,0,11
390,47.4676404452935,14,16,30,0,11
391,47.2255447541344,14,16,30,0,11
392,46.983858306324,14,16,30,0,11
393,46.7532613307113,14,16,30,0,11
394,46.5240341917042,14,16,30,0,11
395,46.3027183852743,14,16,30,0,11
396,46.083752695878,14,16,31,0,11
397,46.0914324072657,14,16,31,0,11
398,45.8579375763641,14,16,31,0,11
399,45.6219657709779,14,16,31,0,11
400,45.3940558184685,14,16,31,0,11
401,45.1761305315188,14,16,31,0,11
402,44.9658861041256,14,16,31,0,11
403,44.7630585939368,14,16,31,0,11
404,44.5652866295309,14,16,31,0,11
405,44.372152290693,14,16,31,0,11
406,44.1827781712581,14,16,31,0,11
407,43.996800199857,14,16,31,0,11
408,43.8137382985197,14,16,31,0,11
409,43.6333755741636,14,16,31,0,11
410,43.4554265796436,14,16,31,0,11
411,43.2797434649335,14,16,31,0,11
412,43.1061395204212,14,16,31,0,11
413,42.9345027689767,14,16,31,0,11
414,42.7647003197012,14,16,31,0,11
415,42.5966415653612,14,16,31,0,11
416,42.4299734195926,14,16,31,0,11
417,42.2653752118049,14,16,31,0,11
418,42.1020101483593,14,16,31,0,11
419,41.9400632093023,14,16,31,0,11
420,41.7794649534141,14,16,31,0,11
421,41.6201568418846,14,16,31,0,11
422,41.4620810237374,14,16,31,0,11
423,41.3051867982137,14,16,31,0,11
424,41.1494243262601,14,16,31,0,11
425,40.9947484599056,14,16,31,0,11
426,40.8411150304147,14,16,31,0,11
427,40.6884832150551,14,16,31,0,11
428,40.5368133011271,14,16,31,0,11
429,40.3860681489328,14,16,32,0,11
430,40.2341710454753,14,16,32,0,11
431,40.0677162830227,14,16,32,0,11
432,39.9021325575353,14,16,32,0,11
433,39.7400145993632,14,16,32,0,11
434,39.5781210177454,14,16,32,0,11
435,39.4173491565988,14,16,32,0,11
436,39.2575591082514,14,16,32,0,11
437,39.0986197772018,14,16,32,0,11
438,38.9405295051919,14,16,32,0,11
439,38.7832554687665,14,16,32,0,11
440,38.6268024330008,14,16,32,0,11
441,38.4711389966227,14,16,32,0,11
442,38.3162538431604,14,16,32,0,11
443,38.1621125567725,14,16,32,0,11
444,38.0086958148205,14,16,32,0,11
445,37.8559705732783,14,16,32,0,11
446,37.7039154898133,14,16,32,0,11
447,37.5525008683716,14,16,32,0,11
448,37.401705900464,14,16,32,0,11
449,37.251504462606,14,16,32,0,11
450,37.1018770868648,14,16,32,0,11
451,36.952800772238,14,16,32,0,11
452,36.8042574697603,14,16,32,0,11
453,36.6562002016002,14,16,32,0,11
454,36.5086915526814,14,16,32,0,11
455,36.3616334571391,14,16,32,0,11
456,36.2150353814307,14,16,32,0,11
457,36.0688780324207,14,16,32,0,11
458,35.9231451652824,14,16,32,0,11
459,35.7778199820664,14,16,32,0,11
460,35.6328870140098,14,16,32,0,11
461,35.488328867417,14,16,33,0,11
462,34.9432990419563,14,16,33,0,11
463,35.203356276387,14,16,33,0,11
464,34.9672210843258,14,16,33,0,11
465,34.856604821363,14,16,33,0,11
466,34.6839533422828,14,16,33,0,11
467,34.5584191103453,14,16,33,0,11
468,34.3926909314541,14,16,33,0,11
469,34.2636357939855,14,16,33,0,11
470,34.1026040295976,14,16,33,0,11
471,33.9713251245311,14,16,33,0,11
472,33.8139368111371,14,16,33,0,11
473,33.6810617718741,14,16,33,0,11
474,33.5265015222584,14,16,33,0,11
475,33.3924749926218,14,16,33,0,11
476,33.2401074196505,14,16,33,0,11
477,33.1052899854537,14,16,33,0,11
478,32.9545891525523,14,16,33,0,11
479,32.8193393253734,14,16,34,0,11
480,33.1062565571659,14,16,34,0,11
481,33.1707316283608,14,16,34,0,11
482,32.7285329715045,14,16,34,0,11
483,32.6636925477444,14,16,34,0,11
484,32.4414022779057,14,16,34,0,11
485,32.312012499999,14,16,34,0,11
486,32.1487221899085,14,16,34,0,11
487,32.0068965970528,14,16,34,0,11
488,31.8571494666514,14,16,34,0,11
489,31.7076440265837,14,16,34,0,11
490,31.5553365005609,14,16,34,0,11
491,31.4108152492833,14,16,34,0,11
492,31.2644611402504,14,16,34,0,11
493,31.1200580219474,14,16,34,0,11
494,30.9753708315495,14,16,34,0,11
495,30.8314438243596,14,16,34,0,11
496,30.6876659791117,14,16,34,0,11
497,30.5443371849974,14,16,34,0,11
498,30.4012792656055,14,16,34,0,11
499,30.2585736243863,14,16,34,0,11
500,30.1161617882916,14,16,34,0,11
501,29.9740601061228,14,16,34,0,11
502,29.8322437922524,14,16,34,0,11
503,29.68982479108,14,16,34,0,11
504,29.559568065797,14,16,34,0,11
505,29.4157305825904,14,16,34,0,11
506,29.2733038501766,14,16,34,0,11
507,29.1311108324911,14,16,34,0,11
508,28.9892502590336,14,16,35,0,11
509,28.9461400327657,14,16,36,0,11
510,28.6503117538509,14,16,36,0,11
511,28.7368250602224,14,16,36,0,11
512,28.4935619991741,14,16,36,0,11
513,28.394264846419,14,16,36,0,11
514,28.2540209115799,14,16,36,0,11
515,28.1276613247926,14,16,36,0,11
516,27.9971140611702,14,16,36,0,11
517,27.8674283413592,14,16,36,0,11
518,27.7371102712593,14,16,36,0,11
519,27.6048898183061,14,16,36,0,11
520,27.4790799556348,14,16,36,0,11
521,27.3458951264232,14,16,36,0,11
522,27.2140321348714,14,16,36,0,11
523,27.0819171922145,14,16,36,0,11
524,26.9496737058845,14,16,36,0,11
525,26.8172508885068,14,16,36,0,11
526,26.6846312957822,14,16,36,0,11
527,26.5518278172772,14,16,36,0,11
528,26.4188555303177,14,16,37,0,11
529,26.2864848762612,14,16,37,0,11
530,24.0530259112197,14,19,38,0,11
531,28.1287081565554,14,19,38,0,11
532,25.9536052372822,14,19,38,0,11
533,24.5804771223728,14,18,38,0,11
534,23.8563619164515,14,18,38,0,11
535,23.0339457205645,14,18,38,0,11
536,22.3098737865363,14,18,38,0,11
537,21.8238211394311,14,18,38,0,11
538,21.4450672883156,14,18,38,0,11
539,20.9854941294116,14,18,38,0,11
540,20.6774824959279,14,18,39,0,11
541,21.1638408946765,14,18,39,0,11
542,21.2428860741445,14,18,40,0,11
543,21.522375894394,14,18,40,0,11
544,21.7344100491144,14,18,40,0,11
545,21.9933920765502,14,18,40,0,11
546,22.0668881963808,14,18,40,0,11
547,22.1506496498717,14,18,40,0,11
548,22.1218563175061,14,18,40,0,11
549,22.0784352334912,14,18,40,0,11
550,22.0867834287254,14,18,41,0,11
551,21.078348213888,14,18,41,0,11
552,21.959880973109,15,19,41,0,12
553,20.0505220176833,15,19,41,0,12
554,20.3151274997103,15,19,41,0,12
555,19.223764244937,15,19,41,0,12
556,19.9987285366304,15,19,41,0,12
557,18.5836250441946,15,19,42,0,12
558,20.0117189702434,15,19,42,0,12
559,18.319200428087,15,19,43,0,12
560,19.5216753460955,15,19,43,0,12
561,17.7845326115245,15,19,44,0,12
562,19.7555432156241,15,19,44,0,12
563,18.0704708881744,15,19,44,0,12
564,19.3234087037819,15,19,44,0,12
565,17.5583887597785,15,19,44,0,12
566,18.8665324052297,15,19,44,0,12
567,17.0264455248537,15,19,44,0,12
568,18.2988995104552,15,19,44,0,12
569,17.1193510475087,15,19,44,0,12
570,17.093254773534,15,19,44,0,12
571,16.9645777721162,15,19,44,0,12
572,16.2215828387423,15,19,44,0,12
573,16.4344073868065,15,19,45,0,12
574,16.1824748515336,15,19,45,0,12
575,16.028491114573,15,19,45,0,12
576,15.4572126436873,15,19,45,0,12
577,15.1749308912854,15,19,45,0,12
578,15.1863205886593,15,19,45,0,12
579,14.9829295420521,15,19,45,0,12
580,14.4643842709594,15,19,45,0,12
581,14.5032632635451,15,19,45,0,12
582,14.1259168816424,15,19,45,0,12
583,14.1476414380262,15,19,45,0,12
584,13.5491848263321,15,19,45,0,12
585,13.6098156640512,15,19,45,0,12
586,13.1305806958984,15,19,45,0,12
587,13.2204997401877,15,19,45,0,12
588,12.7201600582251,15,19,45,0,12
589,12.6403660306116,15,19,45,0,12
590,12.3465063720122,15,19,45,0,12
591,12.2919700232313,15,19,45,0,12
592,11.8927903893119,15,19,45,0,12
593,11.9597407696813,15,19,45,0,12
594,11.4248254121963,15,19,45,0,12
595,11.5987880013269,15,19,45,0,12
596,11.0750584925085,15,19,45,0,12
597,11.1196476141761,15,19,45,0,12
598,10.7605514858929,15,19,45,0,12
599,10.6981534393391,15,19,45,0,12
600,10.3807502037606,15,19,45,0,12
601,10.3139934302668,15,19,45,0,12
602,9.88847260562887,15,19,45,0,12
603,9.93711715493767,15,19,45,0,12
604,9.47516063730737,15,19,45,0,13
605,9.5316134048248,15,19,45,0,13
606,9.02503482235334,15,19,45,0,13
607,8.99096511911447,15,19,46,0,13
608,8.53552505608272,15,19,46,0,13
609,8.55704070991344,15,19,47,0,13
610,8.0725960240039,15,19,47,0,13
611,8.10702323560209,15,19,47,0,14
612,7.41171147132455,15,19,47,0,14
613,6.33803786676121,15,19,47,0,14
614,5.43628293650786,15,19,47,0,14
615,5.37623106826435,15,19,47,0,14
616,4.87061891285421,15,19,47,0,14
617,4.87241096652037,15,19,47,0,14
618,4.40023247630414,15,19,47,0,14
619,4.41939495873496,15,19,47,0,14
620,3.96588769528274,15,19,47,0,14
621,3.99284125215829,15,19,47,0,14
622,3.55428652249375,15,19,47,0,14
623,3.57187053305056,15,19,47,0,14
624,3.15170978205243,15,19,47,0,14
625,3.18513632981594,15,19,47,0,14
626,2.78237179221564,15,19,47,0,14
627,2.83377629057685,15,19,47,0,14
628,2.41312862990406,15,19,47,0,14
629,2.53143008203367,15,19,47,0,14
630,2.08635103317296,15,19,47,0,14
631,2.16414021615205,15,19,47,0,14
632,1.72595560166859,15,19,47,0,14
633,1.79406591311961,15,19,47,0,14
634,0,15,22,47,0,15
635,0.280267105627222,15,22,47,0,15
636,0,15,22,47,0,15
637,0,15,22,47,0,15
638,0,15,22,47,0,15
639,0,15,22,47,0,15
640,0,15,22,47,0,15
641,0,15,22,47,0,15
642,0,15,22,47,0,15
643,0,15,22,47,0,15
644,0,15,22,47,0,15
645,0,15,22,47,0,15
646,0,15,22,47,0,15
647,0,15,22,47,0,15
648,0,15,22,47,0,15
649,0.0870990249943658,15,22,47,0,15
650,0,15,22,47,0,15
651,0.369863077553003,15,22,47,0,15
652,0.0534278265601591,15,22,48,0,15
653,0.571036196026217,15,22,48,0,15
654,0.253497653515669,15,22,48,0,15
655,0.7697464937953,15,22,48,0,15
656,0,15,22,48,0,15
657,1.06431337424252,15,22,48,0,15
658,0.2644090691469,15,22,48,0,15
659,1.15172461656883,15,22,48,0,15
660,0.287122844467147,15,22,48,0,15
661,1.31276899980895,15,22,48,0,15
662,0.536341126249591,15,22,48,0,15
663,1.22960984515052,15,22,48,0,15
664,0.584798107372981,15,22,48,0,15
665,0.659049367303242,15,22,49,0,15
666,0.731172305328648,15,22,49,0,15
667,0.823945968232996,15,22,49,0,15
668,0.46432586187624,15,22,49,0,15
669,0.738499287442355,15,22,50,0,15
670,0.453397967917124,15,22,50,0,15
671,0.574541756126824,15,22,50,0,15
672,0,15,22,50,0,15
673,0.669028389892486,15,22,51,0,15
674,0,15,22,51,0,15
675,0.320050026618181,15,22,51,0,15
676,0.131560331560948,15,22,51,0,15
677,0,15,22,51,0,15
678,0,15,22,51,0,15
679,0.286775620816769,15,22,52,0,15
680,0,15,22,52,0,15
681,0,15,22,52,0,16
682,0,15,22,52,0,16
683,0,15,22,52,0,16
684,0,15,22,52,0,16
685,0,15,22,53,0,16
686,0,15,22,53,0,16
687,0,15,22,53,0,16
688,0,15,22,53,0,16
689,0,15,22,53,0,16
690,0,15,22,53,0,16
691,0,15,22,53,0,16
692,0,15,22,53,0,16
693,0,15,22,53,0,16
694,0,15,22,53,0,16
695,0,15,22,53,0,16
696,0,15,22,53,0,16
697,0,15,22,53,0,16
698,0,15,22,53,0,16
699,0,15,22,53,0,16
700,0,15,22,53,0,16
701,0,15,22,53,0,16
702,0,15,22,53,0,16
703,0,15,20,53,1,16
704,0,15,20,53,1,16
705,0,15,20,53,1,16
706,0,15,20,53,1,16
707,0,15,20,53,1,16
708,0,15,20,53,1,16
709,0,15,20,53,1,16
710,0,15,20,53,1,16
711,0,15,20,54,1,16
712,0,15,20,54,1,16
713,0,15,20,54,1,16
714,0,15,20,54,1,16
715,0,15,20,54,1,16
716,0,15,20,55,1,16
717,0,15,20,55,1,16
718,0,15,20,56,1,16
719,0,15,20,57,1,16
720,0,15,20,57,1,16
721,0,15,20,57,1,16
722,0,15,20,57,1,16
723,0,15,20,57,1,16
724,0,15,20,57,1,16
725,0,15,20,57,1,16
726,0,15,20,57,1,16
727,0,15,20,57,1,16
728,0,15,20,57,1,16
729,0,15,20,58,1,16
730,0,15,20,58,1,16
731,0,15,20,58,1,16
732,0,15,20,58,1,16
733,0,15,20,59,1,16
734,0,15,20,59,1,16
735,0,15,20,59,1,16
736,0,15,20,59,1,16
737,0,15,20,59,1,16
738,0,15,20,59,1,16
739,0,15,20,59,1,16
740,0,15,20,60,1,16
741,0,15,20,60,1,16
742,0,15,20,60,1,16
743,0,15,20,61,1,16
744,0,15,20,62,1,16
745,0,15,20,63,1,16
746,0,15,20,63,1,16
747,0,15,20,63,1,16
748,0,15,20,63,1,16
749,0,15,20,63,1,16
750,0,15,20,63,1,16
751,0,15,20,63,1,16
752,0,15,20,63,1,16
753,0,15,20,63,1,16
754,0,15,20,63,1,16
755,0,15,20,63,1,16
756,0,15,20,63,1,16
757,0,15,20,63,1,16
758,0,15,20,63,1,16
759,0,15,20,63,1,16
760,0,15,20,64,1,16
761,0,15,20,64,1,16
762,0,15,20,64,1,16
763,0,15,20,64,1,16
764,0,15,20,64,1,16
765,0,15,20,64,1,16
766,0,15,20,64,1,16
767,0,15,20,64,1,16
768,0,15,20,64,1,16
769,0,15,20,64,1,16
770,0,15,20,64,1,16
771,0,15,20,64,1,16
772,0,15,20,64,1,16
773,0,15,20,64,1,16
774,0,15,20,64,1,16
775,0,15,20,65,1,16
776,0,15,20,65,1,16
777,0,15,20,65,1,16
778,0,15,20,65,1,16
779,0,15,20,65,1,16
780,0,15,20,65,1,16
781,0,15,20,65,1,16
782,0,15,20,65,1,16
783,0,15,20,65,1,16
784,0,15,20,65,1,16
785,0,15,20,65,1,16
786,0,15,20,65,1,16
787,0,15,20,65,1,16
788,0,15,20,65,1,16
789,0,15,20,65,1,17
790,0,15,20,65,1,17
791,0,15,20,65,1,17
792,0,13,18,65,2,17
793,0,13,18,65,2,17
794,0,13,18,65,2,17
795,0,13,18,65,2,17
796,0,13,18,65,2,17
797,0,13,18,65,2,17
798,0,13,18,65,2,17
799,0,13,18,65,2,17
800,0,13,18,65,2,17
801,0,13,18,66,2,17
802,0,13,18,67,2,17
803,0,13,18,67,2,17
804,0,13,18,67,2,17
805,0,13,18,67,2,17
806,0,13,18,67,2,17
807,0,13,18,67,2,17
808,0,13,18,67,2,17
809,0,13,18,67,2,17
810,0,13,18,67,2,17
811,0,13,18,67,2,17
812,0,13,18,67,2,17
813,0,13,18,67,2,17
814,0,13,18,67,2,17
815,0,13,18,67,2,17
816,0,13,18,67,2,17
817,0,13,18,67,2,17
818,0,13,18,67,2,17
819,0,13,18,67,2,17
820,0,13,18,67,2,17
821,0,13,18,67,2,17
822,0,13,18,67,2,17
823,0,13,18,67,2,17
824,0,13,18,67,2,17
825,0,13,18,67,2,17
826,0,13,18,68,2,17
827,0,13,18,68,2,17
828,0,13,18,68,2,17
829,0,13,18,68,2,17
830,0,13,18,68,2,17
831,0,13,18,68,2,17
832,0,13,18,68,2,17
833,0,13,18,68,2,17
834,0,13,18,68,2,17
835,0,13,18,68,2,17
836,0,13,18,68,2,17
837,0,13,18,68,2,17
838,0,13,18,68,2,17
839,0,13,18,68,2,17
840,0,13,18,68,2,17
841,0,13,18,68,2,17
842,0,13,18,68,2,17
843,0,13,18,68,2,17
844,0,13,18,68,2,17
845,0,13,18,68,2,17
846,0,13,18,68,2,17
847,0,13,18,68,2,17
848,0,13,18,68,2,17
849,0,13,18,68,2,17
850,0,13,18,68,2,17
851,0,13,18,68,2,17
852,0,13,18,69,2,17
853,0,13,18,69,2,17
854,0,13,18,69,2,17
855,0,13,18,69,2,17
856,0,13,18,69,2,17
857,0,13,18,69,2,17
858,0,13,18,69,2,17
859,0,13,18,69,2,17
860,0,13,18,69,2,17
861,0,13,18,69,2,17
862,0,13,18,69,2,17
863,0,13,18,69,2,17
864,0,13,18,69,2,17
865,0,11,16,69,3,17
866,0,11,16,69,3,17
867,0,11,16,69,3,17
868,0,11,16,69,3,17
869,0,11,16,69,3,17
870,0,11,16,69,3,17
871,0,11,16,69,3,17
872,0,11,16,69,3,17
873,0,11,16,69,3,17
874,0,11,16,69,3,17
875,0,11,16,69,3,17
876,0,11,16,69,3,17
877,0,11,16,69,3,17
878,0,11,16,70,3,17
879,0,11,16,70,3,17
880,0,11,16,70,3,17
881,0,11,16,70,3,17
882,0,11,16,70,3,17
883,0,11,16,70,3,17
884,0,11,16,70,3,17
885,0,11,16,70,3,17
886,0,11,16,70,3,17
887,0,11,16,70,3,17
888,0,11,16,70,3,17
889,0,11,16,70,3,17
890,0,11,16,70,3,17
891,0,11,16,70,3,17
892,0,11,16,70,3,17
893,0,11,16,70,3,17
894,0,11,16,70,3,17
895,0,11,16,70,3,17
896,0,11,16,70,3,17
897,0,11,16,70,3,17
898,0,11,16,70,3,17
899,0,11,16,70,3,17
900,0,11,16,70,3,17
901,0,11,16,70,3,17
902,0,11,16,70,3,17
903,0,11,16,70,3,17
904,0,11,16,70,3,17
905,0,11,16,70,3,17
906,0,11,16,70,3,17
907,0,11,16,70,3,17
908,0,11,16,70,3,17
909,0,11,16,70,3,17
910,0,11,16,70,3,17
911,0,11,16,70,3,17
912,0,11,16,70,3,17
913,0,11,16,70,3,17
914,0,11,16,70,3,17
915,0,11,16,70,3,17
916,0,11,16,70,3,17
917,0,11,16,70,3,17
918,0,9,14,70,4,17
919,0,9,14,70,4,17
920,0,9,14,70,4,17
921,0,9,14,70,4,17
922,0,9,14,70,4,17
923,0,9,14,70,4,17
924,0,9,14,71,4,17
925,0,9,14,71,4,17
926,0,9,14,71,4,17
927,0,9,14,71,4,17
928,0,9,14,71,4,17
929,0,9,14,71,4,17
930,0,9,14,71,4,17
931,0,9,14,71,4,17
932,0,9,14,71,4,17
933,0,9,14,71,4,17
934,0,9,14,71,4,17
935,0,9,14,71,4,17
936,0,9,14,71,4,17
937,0,9,14,71,4,17
938,0,9,14,71,4,17
939,0,9,14,71,4,17
940,0,9,14,71,4,17
941,0,9,14,71,4,17
942,0,9,14,71,4,17
943,0,9,14,71,4,17
944,0,9,14,71,4,17
945,0,9,14,71,4,17
946,0,9,14,71,4,17
947,0,9,14,71,4,17
948,0,9,14,71,4,17
949,0,9,14,71,4,17
950,0,9,14,71,4,17
951,0,9,14,71,4,17
952,0,9,14,71,4,17
953,0,9,12,71,5,17
954,0,8,10,71,6,17
955,0,6,8,71,7,17
956,0,6,8,71,7,17
957,0,6,8,71,7,17
958,0,6,8,71,7,17
959,0,6,8,71,7,17
960,0,6,8,71,7,17
961,0,6,8,71,7,17
962,0,6,8,71,7,17
963,0,6,8,72,7,17
964,0,6,8,72,7,17
965,0,6,8,72,7,17
966,0,6,8,72,8,17
967,0,6,8,72,8,17
968,0,6,8,72,8,17
969,0,6,8,73,8,17
970,0,6,8,73,8,17
971,0,6,8,73,8,17
972,0,6,8,73,8,17
973,0,6,8,73,8,17
974,0,6,8,73,8,17
975,0,6,8,73,8,17
976,0,6,8,73,8,17
977,0,6,8,74,8,17
978,0,6,8,74,8,17
979,0,6,8,74,8,17
980,0,6,8,74,8,17
981,0,6,8,74,8,17
982,0,6,8,75,8,17
983,0,6,8,75,8,17
984,0,6,8,75,8,17
985,0,6,8,75,8,17
986,0,6,8,75,8,17
987,0,6,8,75,8,17
988,0,6,8,75,8,17
989,0,6,8,75,8,17
990,0,6,8,75,8,17
991,0,6,8,75,8,17
992,0,4,6,75,9,17
993,0,4,6,76,9,17
994,0,4,6,76,9,17
995,0,4,6,76,9,17
996,0,4,6,76,9,17
997,0,4,6,77,9,17
998,0,4,6,77,9,17
999,0,4,6,77,9,17
1000,0,4,6,77,9,17
